{
  "plugin_name": "Jimmy",
  "plugin_scope": "jimmy",
  "plugin_exec": "main.js",
  "command_map": {
	"jimmy": {
      "hargs": "",
      "hdesc": {
		"vi_VN": "xem một tấm ảnh của Jimmy dễ thương",
		"en_US": "Send a random picture of Jimmy cute"
	  },
      "fscope": "Jm",
      "compatibly": 0
    }
  },
  "author": "Citnut",
  "version": "1.0",
  "node_depends": {
	"axios": "*",
	"node-fetch": "*",
	"stream-buffers": "*"
  },
  "dependents": [],
  "complied_for": "0.5.0"
}