{
  "plugin_name": "Bo",
  "plugin_scope": "bo",
  "plugin_exec": "main.js",
  "command_map": {
	"bo": {
      "hargs": "",
      "hdesc": {
		"vi_VN": "xem một tấm ảnh của Trần Đức Bo",
		"en_US": "Send a random picture of Trần Đức Bo"
	  },
      "fscope": "Bo",
      "compatibly": 0
    }
  },
  "author": "Citnut",
  "version": "1.0",
  "node_depends": {
	"axios": "*",
	"node-fetch": "*",
	"stream-buffers": "*"
  },
  "dependents": [],
  "complied_for": "0.5.0"
}